{
    "0.0": {
        "precision": 0.9024390243902439,
        "recall": 0.9024390243902439,
        "f1-score": 0.9024390243902439,
        "support": 164
    },
    "1.0": {
        "precision": 0.7894736842105263,
        "recall": 0.7894736842105263,
        "f1-score": 0.7894736842105263,
        "support": 76
    },
    "accuracy": 0.8666666666666667,
    "macro avg": {
        "precision": 0.8459563543003852,
        "recall": 0.8459563543003852,
        "f1-score": 0.8459563543003852,
        "support": 240
    },
    "weighted avg": {
        "precision": 0.8666666666666667,
        "recall": 0.8666666666666667,
        "f1-score": 0.8666666666666667,
        "support": 240
    },
    "matthewsCorrcoef": 0.6919127086007703
}