{
    "0.0": {
        "precision": 0.9041916167664671,
        "recall": 0.9207317073170732,
        "f1-score": 0.9123867069486405,
        "support": 164
    },
    "1.0": {
        "precision": 0.821917808219178,
        "recall": 0.7894736842105263,
        "f1-score": 0.8053691275167785,
        "support": 76
    },
    "accuracy": 0.8791666666666667,
    "macro avg": {
        "precision": 0.8630547124928225,
        "recall": 0.8551026957637997,
        "f1-score": 0.8588779172327095,
        "support": 240
    },
    "weighted avg": {
        "precision": 0.8781382440598254,
        "recall": 0.8791666666666667,
        "f1-score": 0.8784978067952175,
        "support": 240
    },
    "matthews_corrcoef": 0.7181133813429535
}