{
    "0.0": {
        "precision": 0.8274111675126904,
        "recall": 0.9939024390243902,
        "f1-score": 0.9030470914127425,
        "support": 164
    },
    "1.0": {
        "precision": 0.9767441860465116,
        "recall": 0.5526315789473685,
        "f1-score": 0.7058823529411765,
        "support": 76
    },
    "accuracy": 0.8541666666666666,
    "macro avg": {
        "precision": 0.902077676779601,
        "recall": 0.7732670089858793,
        "f1-score": 0.8044647221769595,
        "support": 240
    },
    "weighted avg": {
        "precision": 0.8746999567150672,
        "recall": 0.8541666666666666,
        "f1-score": 0.8406115908967468,
        "support": 240
    },
    "matthews_corrcoef": 0.6629466467629284
}