{
    "0.0": {
        "precision": 0.8232323232323232,
        "recall": 0.9939024390243902,
        "f1-score": 0.9005524861878452,
        "support": 164
    },
    "1.0": {
        "precision": 0.9761904761904762,
        "recall": 0.5394736842105263,
        "f1-score": 0.6949152542372882,
        "support": 76
    },
    "accuracy": 0.85,
    "macro avg": {
        "precision": 0.8997113997113997,
        "recall": 0.7666880616174583,
        "f1-score": 0.7977338702125667,
        "support": 240
    },
    "weighted avg": {
        "precision": 0.8716690716690716,
        "recall": 0.85,
        "f1-score": 0.8354340294035022,
        "support": 240
    },
    "matthewsCorrcoef": 0.6529877744504387
}