{
    "0.0": {
        "precision": 0.9310344827586207,
        "recall": 0.9878048780487805,
        "f1-score": 0.9585798816568047,
        "support": 164
    },
    "1.0": {
        "precision": 0.9696969696969697,
        "recall": 0.8421052631578947,
        "f1-score": 0.9014084507042254,
        "support": 76
    },
    "accuracy": 0.9416666666666667,
    "macro avg": {
        "precision": 0.9503657262277951,
        "recall": 0.9149550706033376,
        "f1-score": 0.9299941661805151,
        "support": 240
    },
    "weighted avg": {
        "precision": 0.9432776036224311,
        "recall": 0.9416666666666667,
        "f1-score": 0.940475595188488,
        "support": 240
    },
    "matthews_corrcoef": 0.8645959558641901
}